[
  {
    "payload": {
      "ref": "refs/heads/ISS-18",
      "before": "cbd929646add710eecf585f02d14c3179d9811bb",
      "after": "583f235f9b4c7cb42e374414a3ecb8c2b1aa3a24",
      "repository": {
        "id": 491059562,
        "node_id": "R_kgDOHUT5ag",
        "name": "template-website",
        "full_name": "Flows-Convergence/template-website",
        "private": false,
        "owner": {
          "name": "Flows-Convergence",
          "email": null,
          "login": "Flows-Convergence",
          "id": 105348068,
          "node_id": "O_kgDOBkd75A",
          "avatar_url": "https://avatars.githubusercontent.com/u/105348068?v=4",
          "gravatar_id": "",
          "url": "https://api.github.com/users/Flows-Convergence",
          "html_url": "https://github.com/Flows-Convergence",
          "followers_url": "https://api.github.com/users/Flows-Convergence/followers",
          "following_url": "https://api.github.com/users/Flows-Convergence/following{/other_user}",
          "gists_url": "https://api.github.com/users/Flows-Convergence/gists{/gist_id}",
          "starred_url": "https://api.github.com/users/Flows-Convergence/starred{/owner}{/repo}",
          "subscriptions_url": "https://api.github.com/users/Flows-Convergence/subscriptions",
          "organizations_url": "https://api.github.com/users/Flows-Convergence/orgs",
          "repos_url": "https://api.github.com/users/Flows-Convergence/repos",
          "events_url": "https://api.github.com/users/Flows-Convergence/events{/privacy}",
          "received_events_url": "https://api.github.com/users/Flows-Convergence/received_events",
          "type": "Organization",
          "site_admin": false
        },
        "html_url": "https://github.com/Flows-Convergence/template-website",
        "description": null,
        "fork": false,
        "url": "https://github.com/Flows-Convergence/template-website",
        "forks_url": "https://api.github.com/repos/Flows-Convergence/template-website/forks",
        "keys_url": "https://api.github.com/repos/Flows-Convergence/template-website/keys{/key_id}",
        "collaborators_url": "https://api.github.com/repos/Flows-Convergence/template-website/collaborators{/collaborator}",
        "teams_url": "https://api.github.com/repos/Flows-Convergence/template-website/teams",
        "hooks_url": "https://api.github.com/repos/Flows-Convergence/template-website/hooks",
        "issue_events_url": "https://api.github.com/repos/Flows-Convergence/template-website/issues/events{/number}",
        "events_url": "https://api.github.com/repos/Flows-Convergence/template-website/events",
        "assignees_url": "https://api.github.com/repos/Flows-Convergence/template-website/assignees{/user}",
        "branches_url": "https://api.github.com/repos/Flows-Convergence/template-website/branches{/branch}",
        "tags_url": "https://api.github.com/repos/Flows-Convergence/template-website/tags",
        "blobs_url": "https://api.github.com/repos/Flows-Convergence/template-website/git/blobs{/sha}",
        "git_tags_url": "https://api.github.com/repos/Flows-Convergence/template-website/git/tags{/sha}",
        "git_refs_url": "https://api.github.com/repos/Flows-Convergence/template-website/git/refs{/sha}",
        "trees_url": "https://api.github.com/repos/Flows-Convergence/template-website/git/trees{/sha}",
        "statuses_url": "https://api.github.com/repos/Flows-Convergence/template-website/statuses/{sha}",
        "languages_url": "https://api.github.com/repos/Flows-Convergence/template-website/languages",
        "stargazers_url": "https://api.github.com/repos/Flows-Convergence/template-website/stargazers",
        "contributors_url": "https://api.github.com/repos/Flows-Convergence/template-website/contributors",
        "subscribers_url": "https://api.github.com/repos/Flows-Convergence/template-website/subscribers",
        "subscription_url": "https://api.github.com/repos/Flows-Convergence/template-website/subscription",
        "commits_url": "https://api.github.com/repos/Flows-Convergence/template-website/commits{/sha}",
        "git_commits_url": "https://api.github.com/repos/Flows-Convergence/template-website/git/commits{/sha}",
        "comments_url": "https://api.github.com/repos/Flows-Convergence/template-website/comments{/number}",
        "issue_comment_url": "https://api.github.com/repos/Flows-Convergence/template-website/issues/comments{/number}",
        "contents_url": "https://api.github.com/repos/Flows-Convergence/template-website/contents/{+path}",
        "compare_url": "https://api.github.com/repos/Flows-Convergence/template-website/compare/{base}...{head}",
        "merges_url": "https://api.github.com/repos/Flows-Convergence/template-website/merges",
        "archive_url": "https://api.github.com/repos/Flows-Convergence/template-website/{archive_format}{/ref}",
        "downloads_url": "https://api.github.com/repos/Flows-Convergence/template-website/downloads",
        "issues_url": "https://api.github.com/repos/Flows-Convergence/template-website/issues{/number}",
        "pulls_url": "https://api.github.com/repos/Flows-Convergence/template-website/pulls{/number}",
        "milestones_url": "https://api.github.com/repos/Flows-Convergence/template-website/milestones{/number}",
        "notifications_url": "https://api.github.com/repos/Flows-Convergence/template-website/notifications{?since,all,participating}",
        "labels_url": "https://api.github.com/repos/Flows-Convergence/template-website/labels{/name}",
        "releases_url": "https://api.github.com/repos/Flows-Convergence/template-website/releases{/id}",
        "deployments_url": "https://api.github.com/repos/Flows-Convergence/template-website/deployments",
        "created_at": 1652264400,
        "updated_at": "2022-07-14T05:20:36Z",
        "pushed_at": 1706532361,
        "git_url": "git://github.com/Flows-Convergence/template-website.git",
        "ssh_url": "git@github.com:Flows-Convergence/template-website.git",
        "clone_url": "https://github.com/Flows-Convergence/template-website.git",
        "svn_url": "https://github.com/Flows-Convergence/template-website",
        "homepage": null,
        "size": 178,
        "stargazers_count": 0,
        "watchers_count": 0,
        "language": "HTML",
        "has_issues": true,
        "has_projects": true,
        "has_downloads": true,
        "has_wiki": true,
        "has_pages": false,
        "has_discussions": false,
        "forks_count": 2,
        "mirror_url": null,
        "archived": false,
        "disabled": false,
        "open_issues_count": 23,
        "license": null,
        "allow_forking": true,
        "is_template": false,
        "web_commit_signoff_required": false,
        "topics": [
    
        ],
        "visibility": "public",
        "forks": 2,
        "open_issues": 23,
        "watchers": 0,
        "default_branch": "main",
        "stargazers": 0,
        "master_branch": "main",
        "organization": "Flows-Convergence",
        "custom_properties": {
    
        }
      },
      "pusher": {
        "name": "johnmaple",
        "email": "104750669+johnmaple@users.noreply.github.com"
      },
      "organization": {
        "login": "Flows-Convergence",
        "id": 105348068,
        "node_id": "O_kgDOBkd75A",
        "url": "https://api.github.com/orgs/Flows-Convergence",
        "repos_url": "https://api.github.com/orgs/Flows-Convergence/repos",
        "events_url": "https://api.github.com/orgs/Flows-Convergence/events",
        "hooks_url": "https://api.github.com/orgs/Flows-Convergence/hooks",
        "issues_url": "https://api.github.com/orgs/Flows-Convergence/issues",
        "members_url": "https://api.github.com/orgs/Flows-Convergence/members{/member}",
        "public_members_url": "https://api.github.com/orgs/Flows-Convergence/public_members{/member}",
        "avatar_url": "https://avatars.githubusercontent.com/u/105348068?v=4",
        "description": null
      },
      "sender": {
        "login": "johnmaple",
        "id": 104750669,
        "node_id": "U_kgDOBj5eTQ",
        "avatar_url": "https://avatars.githubusercontent.com/u/104750669?v=4",
        "gravatar_id": "",
        "url": "https://api.github.com/users/johnmaple",
        "html_url": "https://github.com/johnmaple",
        "followers_url": "https://api.github.com/users/johnmaple/followers",
        "following_url": "https://api.github.com/users/johnmaple/following{/other_user}",
        "gists_url": "https://api.github.com/users/johnmaple/gists{/gist_id}",
        "starred_url": "https://api.github.com/users/johnmaple/starred{/owner}{/repo}",
        "subscriptions_url": "https://api.github.com/users/johnmaple/subscriptions",
        "organizations_url": "https://api.github.com/users/johnmaple/orgs",
        "repos_url": "https://api.github.com/users/johnmaple/repos",
        "events_url": "https://api.github.com/users/johnmaple/events{/privacy}",
        "received_events_url": "https://api.github.com/users/johnmaple/received_events",
        "type": "User",
        "site_admin": false
      },
      "created": false,
      "deleted": false,
      "forced": false,
      "base_ref": null,
      "compare": "https://github.com/Flows-Convergence/template-website/compare/cbd929646add...583f235f9b4c",
      "commits": [
        {
          "id": "583f235f9b4c7cb42e374414a3ecb8c2b1aa3a24",
          "tree_id": "a46f2631ff62b1fbafae4f0808e53a159394c664",
          "distinct": true,
          "message": "commit message by john\n\nthis is the extended description",
          "timestamp": "2024-01-29T18:16:01+05:30",
          "url": "https://github.com/Flows-Convergence/template-website/commit/583f235f9b4c7cb42e374414a3ecb8c2b1aa3a24",
          "author": {
            "name": "john doe",
            "email": "104750669+johnmaple@users.noreply.github.com",
            "username": "johnmaple"
          },
          "committer": {
            "name": "GitHub",
            "email": "noreply@github.com",
            "username": "web-flow"
          },
          "added": [
    
          ],
          "removed": [
    
          ],
          "modified": [
            "README.md"
          ]
        }
      ],
      "head_commit": {
        "id": "583f235f9b4c7cb42e374414a3ecb8c2b1aa3a24",
        "tree_id": "a46f2631ff62b1fbafae4f0808e53a159394c664",
        "distinct": true,
        "message": "commit message by john\n\nthis is the extended description",
        "timestamp": "2024-01-29T18:16:01+05:30",
        "url": "https://github.com/Flows-Convergence/template-website/commit/583f235f9b4c7cb42e374414a3ecb8c2b1aa3a24",
        "author": {
          "name": "john doe",
          "email": "104750669+johnmaple@users.noreply.github.com",
          "username": "johnmaple"
        },
        "committer": {
          "name": "GitHub",
          "email": "noreply@github.com",
          "username": "web-flow"
        },
        "added": [
    
        ],
        "removed": [
    
        ],
        "modified": [
          "README.md"
        ]
      }
    },
    "context": {
      "dev_oid": "don:identity:dvrv-us-1:devo/XXXXXX",
      "automation_id": "don:integration:dvrv-us-1:devo/XXXXXX:automation/be9f0869-77a4-4210-9f84-47409e67c781",
      "source_id": "don:integration:dvrv-us-1:devo/XXXXXX:automation/be9f0869-77a4-4210-9f84-47409e67c781",
      "snap_in_id": "don:integration:dvrv-us-1:devo/XXXXXX:snap_in/641c009b-0476-40ef-b728-f3ce6fb77bb9",
      "snap_in_version_id": "don:integration:dvrv-us-1:devo/XXXXXX:snap_in_package/fd20d23b-372c-48ad-ac24-d13c271c63d6:snap_in_version/d506f96a-131f-451c-87d6-e73605fac8df",
      "secrets": {
        "service_account_token": "TEST-TOKEN"
      }
    },
    "execution_metadata": {
        "devrev_endpoint": "https://api.devrev.ai"
    }
  }
]
